{"cameraMode":{"drawMode":0,"name":"Shaded","section":"Shading Mode"},"sceneLighting":true,"audioPlay":false,"sceneViewState":{"m_AlwaysRefresh":false,"showFog":true,"showSkybox":true,"showFlares":true,"showImageEffects":true,"showParticleSystems":true,"showVisualEffectGraphs":true,"m_FxEnabled":true},"in2DMode":false,"pivot":{"x":13.31830883026123,"y":0.5471163988113403,"z":5.256478786468506},"rotation":{"x":0.09142481535673142,"y":-0.010894232429564,"z":0.0010887270327657462,"w":0.9958251118659973},"size":1.791553020477295,"orthographic":false}