{"cameraMode":{"drawMode":0,"name":"Shaded","section":"Shading Mode"},"sceneLighting":true,"audioPlay":false,"sceneViewState":{"m_AlwaysRefresh":false,"showFog":true,"showSkybox":true,"showFlares":true,"showImageEffects":true,"showParticleSystems":true,"showVisualEffectGraphs":true,"m_FxEnabled":true},"in2DMode":false,"pivot":{"x":11.760000228881836,"y":0.37199997901916506,"z":5.256478786468506},"rotation":{"x":0.04902598634362221,"y":0.02302863448858261,"z":-0.0010528176790103317,"w":0.9986228942871094},"size":1.1761243343353272,"orthographic":false}